<?xml version="1.0" encoding="UTF-8"?>
<phpunit xmlns:xsi="http://www.w3.org/2001/XMLSchema-instance"
    xsi:noNamespaceSchemaLocation="https://schema.phpunit.de/10.5/phpunit.xsd"
    bootstrap="bootstrap/app.php" colors="true" cacheDirectory=".phpunit.cache"
         displayDetailsOnTestsThatTriggerDeprecations="true"
         displayDetailsOnTestsThatTriggerErrors="true"
         displayDetailsOnTestsThatTriggerNotices="true"
         displayDetailsOnTestsThatTriggerWarnings="true"
         >

    <php>
        <!-- Add error reporting configuration -->
        <ini name="display_errors" value="1" />
        <ini name="error_reporting" value="1" />

        <!-- Add logging configuration -->
        <ini name="log_errors" value="1" />
        <ini name="error_log" value="storage/logs/test-error.log" />

        <env name="APP_KEY" value="testing" />
        <env name="AWS_COGNITO_REDIRECT_URI" value="AWS_COGNITO_REDIRECT_URI" />
        <env name="AWS_COGNITO_REDIRECT_DEEPLINK" value="AWS_COGNITO_REDIRECT_DEEPLINK" />
    </php>

</phpunit>